﻿pos_x,pos_y,rotation,side,designator,mpn,pack,footprint,value,mount_type
66.8,-59.1,-90.0,top,C1,,,C_0805_2012Metric,22u,smt
116.625,-68.6,0.0,top,C10,,,C_0603_1608Metric,10u,smt
116.625,-67.0,0.0,top,C11,,,C_0603_1608Metric,100n,smt
117.4,-73.8,90.0,top,C12,,,C_0805_2012Metric,22u,smt
94.635,-73.18,180.0,top,C13,,,C_0805_2012Metric,22u,smt
103.0,-67.9125,0.0,top,C14,,,C_0603_1608Metric,1u,smt
87.065,-90.595,-90.0,top,C15,,,C_0603_1608Metric,2u2,smt
92.265,-80.9,180.0,top,C16,,,C_0603_1608Metric,100n,smt
97.865,-90.595,-90.0,top,C17,,,C_0603_1608Metric,2u2,smt
117.25,-90.6,-90.0,top,C18,,,C_0603_1608Metric,2u2,smt
122.45,-80.905,180.0,top,C19,,,C_0603_1608Metric,100n,smt
68.7,-59.0,-90.0,top,C2,,,C_0603_1608Metric,100n,smt
128.05,-90.6,-90.0,top,C20,,,C_0603_1608Metric,2u2,smt
64.6,-67.7,-90.0,top,C3,,,C_0603_1608Metric,1u,smt
120.5,-71.2,0.0,top,C4,,,C_0603_1608Metric,100n,smt
119.725,-67.0,0.0,top,C5,,,C_0603_1608Metric,22p,smt
119.7125,-63.765,0.0,top,C6,,,C_0603_1608Metric,10u,smt
110.37,-64.295,180.0,top,C7,,,C_0603_1608Metric,10u,smt
110.37,-62.67,180.0,top,C8,,,C_0603_1608Metric,10u,smt
110.37,-61.095,180.0,top,C9,,,C_0603_1608Metric,10u,smt
81.4,-80.5,0.0,top,D1,KT-0603R,,LED_0603_1608Metric,KT-0603R,smt
72.6,-102.7,180.0,top,J1,0470531000,,Molex_KK-254_0470531000_1x04_P2.54mm_Vertical,PC-Fan,tht
96.58,-52.575,180.0,top,J2,U262-161N-4BVC11 ,,USB_C_Receptacle_XKB_U262-16XN-4BVC11,USB_C_Receptacle_USB2.0_16P,smt
85.795,-100.4,180.0,top,J3,MTJ-642BX2,,RJ14_ADAMTECH_MTJ-642BX2_Horizontal,6P4C,tht
101.795,-100.4,180.0,top,J4,MTJ-642BX2,,RJ14_ADAMTECH_MTJ-642BX2_Horizontal,6P4C,tht
117.795,-100.4,180.0,top,J5,MTJ-642BX2,,RJ14_ADAMTECH_MTJ-642BX2_Horizontal,6P4C,tht
117.6,-53.2,90.0,top,J6,BG306-04-A-1-0400-L-B ,,PinSocket_1x04_P2.54mm_Vertical_SMD_drill_Pin1Right,OLED,smt
133.795,-100.4,180.0,top,J7,MTJ-642BX2,,RJ14_ADAMTECH_MTJ-642BX2_Horizontal,6P4C,tht
136.2,-78.0,90.0,top,J8,1984633,,"TerminalBlock_Phoenix_PT-1,5-4-3.5-H_1x04_P3.50mm_Horizontal",Screw_Terminal_01x04,tht
113.0,-72.8,-90.0,top,L1,744316470,,L_Wuerth_HCI-5040,4.7uH,smt
71.88,-95.9,90.0,top,Q1,BSS83PH6327,,SOT-23,BSS83P,smt
67.255,-95.9,90.0,top,Q2,C5224267,,SOT-23,BSS138,smt
135.78,-62.735,0.0,top,Q3,DMN3008SFG-7 ,,Diodes_PowerDI3333-8,DMN3008SFG,smt
98.525,-73.15,-90.0,top,Q4,AP30P30Q,,Diodes_PowerDI3333-8,AP30P30Q,smt
71.9,-92.9,180.0,top,R1,,,R_0603_1608Metric,100k,smt
119.725,-68.6,180.0,top,R10,,,R_0603_1608Metric,10k,smt
103.0,-71.0125,180.0,top,R11,,,R_0603_1608Metric,49k9,smt
103.0,-69.4625,180.0,top,R12,,,R_0603_1608Metric,10r,smt
94.4075,-71.0125,180.0,top,R13,,,R_0603_1608Metric,5k1,smt
97.5,-60.5,-90.0,top,R14,,,R_0603_1608Metric,0r,smt
95.9,-60.5,-90.0,top,R15,,,R_0603_1608Metric,0r,smt
94.4075,-69.4625,180.0,top,R16,,,R_0603_1608Metric,14k,smt
94.4075,-67.9125,180.0,top,R17,,,R_0603_1608Metric,10k,smt
88.765,-90.595,90.0,top,R18,,,R_0603_1608Metric,10k,smt
85.265,-90.595,-90.0,top,R19,,,R_0603_1608Metric,1k,smt
67.3,-92.9,0.0,top,R2,,,R_0603_1608Metric,10k,smt
81.465,-90.595,90.0,top,R20,,,R_0603_1608Metric,20k,smt
83.465,-90.595,-90.0,top,R21,,,R_0603_1608Metric,10k,smt
96.165,-90.595,90.0,top,R22,,,R_0603_1608Metric,10k,smt
103.265,-90.595,-90.0,top,R23,,,R_0603_1608Metric,1k,smt
99.565,-90.595,90.0,top,R24,,,R_0603_1608Metric,20k,smt
101.465,-90.595,-90.0,top,R25,,,R_0603_1608Metric,10k,smt
118.95,-90.6,90.0,top,R26,,,R_0603_1608Metric,10k,smt
115.45,-90.6,-90.0,top,R27,,,R_0603_1608Metric,1k,smt
111.65,-90.6,90.0,top,R28,,,R_0603_1608Metric,20k,smt
113.65,-90.6,-90.0,top,R29,,,R_0603_1608Metric,10k,smt
118.89,-58.0,90.0,top,R3,,,R_0603_1608Metric,2k2,smt
126.35,-90.6,90.0,top,R30,,,R_0603_1608Metric,10k,smt
133.45,-90.6,-90.0,top,R31,,,R_0603_1608Metric,1k,smt
129.75,-90.6,90.0,top,R32,,,R_0603_1608Metric,20k,smt
131.65,-90.6,-90.0,top,R33,,,R_0603_1608Metric,10k,smt
121.4,-58.0,90.0,top,R4,,,R_0603_1608Metric,2k2,smt
132.78,-62.735,90.0,top,R5,,,R_0603_1608Metric,10k,smt
64.6,-64.5,-90.0,top,R6,,,R_0603_1608Metric,5k1,smt
81.3875,-78.8,0.0,top,R7,,,R_0603_1608Metric,5k1,smt
115.47,-59.87,0.0,top,R8,,,R_0603_1608Metric,100k,smt
119.725,-65.4,0.0,top,R9,,,R_0603_1608Metric,52k3,smt
67.4,-66.1,-90.0,top,SW1,KMR221GLFS,,SW_Push_1P1T_NO_CK_KMR2,RESET,smt
67.4,-74.4,90.0,top,SW2,KMR221GLFS,,SW_Push_1P1T_NO_CK_KMR2,BOOT,smt
92.24,-90.55,0.0,top,T1,BSS138DW,,SOT-363_SC-70-6,BSS138DW,smt
122.425,-90.555,0.0,top,T2,BSS138DW,,SOT-363_SC-70-6,BSS138DW,smt
79.85,-64.66,0.0,top,U1,ESP32-S3-WROOM-1-N8R8,,ESP32-S3-WROOM-1,ESP32-S3-WROOM-1,smt
117.4,-70.7,0.0,top,U2,TPS562202,,SOT-563,TPS562202,smt
115.1325,-62.62,180.0,top,U3,AP2112K-3.3TRG1 ,,SOT-23-5,AP2112K-3.3,smt
98.5675,-68.9475,180.0,top,U4,HUSB238_002DD,,DFN-10-1EP_3x3mm_P0.5mm_EP1.65x2.38mm,HUSB238,smt
92.265,-84.695,0.0,top,U5,LM358DT,,SOIC-8_3.9x4.9mm_P1.27mm,LM358,smt
122.45,-84.7,0.0,top,U6,LM358DT,,SOIC-8_3.9x4.9mm_P1.27mm,LM358,smt
